Nom,Legislature
Antoine Léaument,XV
Nadège Abomangoli,XVI
Ludovic Pajot,XV
Typhanie Degois,XV
Victor Habert-Dassault,XV
Lénaïck Adam,XV
Pierre Henriet,XV
Robin Reda,XV
Bénédicte Peyrol,XV
Sandrine Le Feur,XV
Dimitri Houbron,XV
Marie Lebec,XV
Mickaël Nogal,XV
Adrien Quatennens,XV
Raphaël Schellenberger,XV
Hervé Berville,XV
Ugo Bernalicis,XV
Damien Adam,XV
Gabriel Attal,XV
Sarah El Haïry,XV
Pierre Person,XV
Mathilde Panot,XV
Anne-Laure Cattelot,XV
Sacha Houlié,XV
Jean-Marc Zulesi,XV
Ian Boucard,XV
Damien Pichereau,XV
Marie-Ange Magne,XV
Cécile Muschotti,XV
Pierre-Henri Dumont,XV
Maxime Minot,XV
Alexandre Holroyd,XV
Aina Kuric,XV
Ludovic Mendes,XV
Guillaume Kasbarian,XV
Lamia El Aaraje,XV
Aurore Bergé,XV
Pieyre-Alexandre Anglade,XV
Fabien Di Filippo,XV
Marine Brenier,XV
Paula Forteza,XV
Bérangère Couillard,XV
Guillaume Chiche,XV
Aurélien Pradié,XV
Emmanuel Blairy,XV
Thomas Mesnier,XV
Guillaume Gouffier Valente,XV
Delphine O,XV
Laetitia Avia,XV
Alice Thourot,XV
Fiona Lazaar,XV
Laurent Saint-Martin,XV
Amélie De Montchalin,XV
Karine Lebon,XV
Julien Dive,XV
Mounir Belhamiti,XV
Pacôme Rupin,XV
Zivka Park,XV
Fannette Charvier,XV
Lise Magnier,XV
Thibault Bazin,XV
Fabien Matras,XV
Valéria Faure-Muntian,XV
Aurélien Taché,XV
Laurianne Rossi,XV
Mounir Mahjoubi,XV
Loïc Kervran,XV
Jean-Charles Larsonneur,XV
Christophe Naegelen,XV
Nicolas Meizonnet,XV
Émilie Guerel,XV
Alexandra Louis,XV
Anne-Laure Blin,XV
Benoit Simian,XV
Carole Grandjean,XV
Jean-Noël Barrot,XV
M'jid El Guerrab,XV
Joachim Son-Forget,XV
Pierre-Alain Raphan,XV
Coralie Dubost,XV
Sonia Krimi,XV
Stéphane Trompille,XV
Marjolaine Meynier-Millefert,XV
Brune Poirson,XV
Grégory Besson-Moreau,XV
Stanislas Guerini,XV
Huguette Tiegna,XV
Caroline Janvier,XV
Jean-Baptiste Djebbari,XV
Adrien Morenas,XV
Blandine Brocard,XV
Olga Givernet,XV
Elsa Faucillon,XV
Thomas Gassilloud,XV
Denis Masséglia,XV
Laetitia Saint-Paul,XV
Laëtitia Romeiro Dias,XV
Naïma Moutchou,XV
Christelle Petex,XV
Bastien Lachaud,XV
Émilie Bonnivard,XV
Danièle Obono,XV
Audrey Dufeu,XV
Olivier Véran,XV
Damien Abad,XV
Anissa Khedher,XV
Sira Sylla,XV
Nadia Hai,XV
Aude Amadou,XV
Stéphanie Do,XV
Géraldine Bannier,XV
Célia De Lavergne,XV
Claire Colomb-Pitollat,XV
Christophe Jerretie,XV
Virginie Duby-Muller,XV
Céline Calvez,XV
Alexandre Freschi,XV
Julien Borowczyk,XV
Maud Gatel,XV
Florian Bachelier,XV
Muriel Roques-Etienne,XV
Benjamin Dirx,XV
Jean François Mbaye,XV
Marie Silin,XV
Olivia Grégoire,XV
Fabien Gouttefarde,XV
Catherine Fabre,XV
Olivier Dussopt,XV
Bruno Studer,XV
Julien Aubert,XV
Jean-Charles Colas-Roy,XV
Élodie Jacquier-Laforge,XV
Amélia Lakrafi,XV
Perrine Goulet,XV
Julien Ravier,XV
Hugues Renson,XV
Benjamin Griveaux,XV
Muriel Ressiguier,XV
Gaël Le Bohec,XV
Émilie Chalas,XV
Sylvia Pinel,XV
Pierre-Yves Bournazel,XV
David Corceiro,XV
Charlotte Parmentier-Lecocq,XV
Thierry Robert,XV
Jean Terlier,XV
Jennifer De Temmerman,XV
Jean-Baptiste Moreau,XV
Caroline Fiat,XV
Guillaume Larrivé,XV
Marie-Pierre Rixain,XV
Adrien Taquet,XV
Sébastien Cazenove,XV
Xavier Batut,XV
Cathy Racon-Bouzon,XV
Marie Guévenoux,XV
Bérangère Abba,XV
Bruno Bilde,XV
Caroline Abadie,XV
Guillaume Peltier,XV
Sébastien David,XV
Valérie Petit,XV
Bénédicte Taurine,XV
Alexandra Valetta Ardisson,XV
Olivier Becht,XV
Gwendal Rouillard,XV
Fabien Lainé,XV
Christelle Dubos,XV
Patrice Anato,XV
François Ruffin,XV
Stéphanie Atger,XV
Sandrine Josso,XV
Christophe Arend,XV
Stéphanie Kerbarh,XV
Boris Vallaud,XV
Antoine Savignat,XV
Pierre Dharréville,XV
Barbara Pompili,XV
Anthony Cellier,XV
Camille Galliard-Minier,XV
Maina Sage,XV
Philippe Latombe,XV
Justine Benin,XV
Cendra Motin,XV
Arnaud Viala,XV
Marion Lenne,XV
Pierre Venteau,XV
Stéphane Vojetta,XV
Éric Poulliat,XV
Florence Lasserre,XV
Romain Grau,XV
Olivier Serva,XV
Pascal Brindeau,XV
Sylvain Maillard,XV
Souad Zitouni,XV
Cécile Rilhac,XV
Stéphane Buchou,XV
Rodrigue Kokouendo,XV
Catherine Osson,XV
Franck Riester,XV
Sandra Marsaud,XV
Patrice Verchère,XV
Valérie Oppelt,XV
François De Rugy,XV
Stella Dupont,XV
Cédric Villani,XV
Florent Boudié,XV
Emmanuelle Fontaine-Domeizel,XV
Stéphanie Rist,XV
Nathalie Elimas,XV
Clémentine Autain,XV
Annaïg Le Meur,XV
Valérie Rabault,XV
Sébastien Chenu,XV
Raphaël Gauvain,XV
Christophe Blanchet,XV
Delphine Batho,XV
Jean-Félix Acquaviva,XV
Nathalie Porte,XV
Grégory Galbadon,XV
Xavier Paluszkiewicz,XV
Matthieu Orphelin,XV
Sophie Beaudouin-Hubiere,XV
François Cormier-Bouligeon,XV
Saïd Ahamada,XV
Cédric Roussel,XV
Hélène Zannier,XV
Jérôme Nury,XV
Nicolas Turquois,XV
Nicolas Démoulin,XV
Sébastien Nadot,XV
Nicole Sanquer,XV
Pierre Cordier,XV
Vincent Thiébaut,XV
Philippe Chassaing,XV
Sereine Mauborgne,XV
Barbara Bessot Ballot,XV
Olivier Falorni,XV
Laurence Trastour-Isnart,XV
Régis Juanico,XV
Sylvain Templier,XV
Sébastien Jumel,XV
Maud Petit,XV
Émilie Cariou,XV
Thierry Solère,XV
Samantha Cazebonne,XV
Fabienne Colboc,XV
Patrick Mignola,XV
Sophie Errante,XV
Albane Gaillot,XV
Luc Carvounas,XV
Alain Perea,XV
Bénédicte Pételle,XV
Brahim Hammouche,XV
Lionel Causse,XV
Manuéla Kéclard-Mondésir,XV
Erwan Balanant,XV
Paul Christophe,XV
Olivier Marleix,XV
Marc Fesneau,XV
Thomas Rudigoz,XV
Séverine Gipson,XV
Yaël Braun-Pivet,XV
Anne Brugnera,XV
Hervé Saulignac,XV
Jean-François Cesarini,XV
Didier Baichère,XV
Éric Pauget,XV
Élise Fajgeles,XV
Laurent Garcia,XV
Bertrand Bouyx,XV
Yannick Kerlogot,XV
Laurence Vanceunebrock,XV
Florence Morlighem,XV
Sébastien Leclerc,XV
Anne-Laurence Petel,XV
Vincent Rolland,XV
Xavier Roseren,XV
Delphine Bagarry,XV
Jean-Luc Fugit,XV
Véronique Riotton,XV
Valérie Bazin-Malgras,XV
Sébastien Huyghe,XV
Moetai Brotherson,XV
Jean-Pierre Vigier,XV
Martial Saddier,XV
Stéphane Viry,XV
Stéphane Travert,XV
Louis Aliot,XV
Fabrice Le Vigoureux,XV
Loïc Prud'Homme,XV
Valérie Gomez-Bassac,XV
Belkhir Belhaddad,XV
Jean-Louis Thiériot,XV
Philippe Meyer,XV
Fabien Roussel,XV
Bruno Le Maire,XV
Mustapha Laabid,XV
Stéphane Mazars,XV
Christophe Lejeune,XV
Philippe Michel-Kleisbauer,XV
Christophe Bouillon,XV
Sophie Panonacle,XV
Agnès Firmin le Bodo,XV
Véronique Hammerer,XV
Raphaël Gérard,XV
Olivier Faure,XV
Alexis Corbière,XV
Nathalie Serre,XV
Emmanuelle Ménard,XV
Isabelle Rauch,XV
Marine Le Pen,XV
Grégory Labille,XV
Dominique Da Silva,XV
Emmanuel Maquet,XV
Stéphane Testé,XV
Fabrice Brun,XV
Richard Ramos,XV
Jean-Michel Jacques,XV
Philippe Huppé,XV
Nathalie Bassire,XV
Valérie Thomas,XV
Philippe Dunoyer,XV
Sylvain Waserman,XV
Isabelle Muller-Quoy,XV
Annie Chapelier,XV
Jean-Christophe Lagarde,XV
Michèle Crouzet,XV
Pascal Lavergne,XV
Patricia Mirallès,XV
Pierre Vatin,XV
Aude Luquet,XV
Paul-André Colombani,XV
Isabelle Florennes,XV
Jean-Michel Mis,XV
Benoit Potterie,XV
François André,XV
Jean-Hugues Ratenon,XV
Guillaume Vuilletet,XV
Jean-Jacques Ferrara,XV
Ericka Bareigts,XV
Frédéric Descrozaille,XV
Laurence Maillart-Méhaignerie,XV
Christophe Euzet,XV
Philippe Bolo,XV
Liliana Tanguy,XV
Buon Tan,XV
Olivier Gaillard,XV
Christophe Leclercq,XV
Pascale Cesar,XV
Bruno Questel,XV
Roland Lescure,XV
Laurent Pietraszewski,XV
Luc Geismar,XV
Philippe Gosselin,XV
Éric Bothorel,XV
Thierry Benoit,XV
Frédérique Lardet,XV
François-Michel Lambert,XV
Michel Larive,XV
Olivier Damaisin,XV
Anne Blanc,XV
Vincent Ledoux,XV
Guillaume Garot,XV
Loïc Dombreval,XV
Rémy Rebeyrotte,XV
François Jolivet,XV
Jean-Carles Grelier,XV
Hubert Julien-Laferrière,XV
Michel Zumkeller,XV
Christophe Castaner,XV
Valérie Lacroute,XV
Florence Provendier,XV
Yves Hemedinger,XV
Jean-Luc Warsmann,XV
Jean-François Portarrieu,XV
Pascale Boyer,XV
Éric Ciotti,XV
Laurence Gayte,XV
Isabelle Santiago,XV
Danièle Cazarian,XV
Béatrice Piron,XV
Carole Bureau-Bonnard,XV
Éric Diard,XV
Didier Le Gac,XV
Laurent Furst,XV
Jean-Philippe Nilor,XV
Bertrand Sorre,XV
Stéphane Baudu,XV
Marie-Christine Verdier-Jouclas,XV
Laure De la Raudière,XV
Marietta Karamanli,XV
Marie-France Lorho,XV
Christine Le Nabour,XV
David Lorion,XV
Christine Pirès Beaune,XV
Franck Marlin,XV
Sylvain Brial,XV
Éric Straumann,XV
Jean-Bernard Sempastous,XV
Philippe Benassaya,XV
Annick Girardin,XV
Christophe Di Pompeo,XV
Emmanuelle Anthoine,XV
Patrick Hetzel,XV
Napole Polutele,XV
Stéphane Claireaux,XV
Jean-Marie Fiévet,XV
Agnès Thill,XV
Martine Wonner,XV
Cécile Delpirou,XV
Dominique Potier,XV
Françoise Ballet-Blu,XV
Jean-Philippe Ardouin,XV
Patrice Perrot,XV
Michèle De Vaucouleurs,XV
Philippe Chalumeau,XV
Mireille Clapot,XV
Claudia Rouaux,XV
Sophie Auconie,XV
Philippe Folliot,XV
Jean-Jacques Gaultier,XV
Gilles Lurton,XV
Nicole Trisse,XV
Stéphane Demilly,XV
Corinne Vignon,XV
Frédérique Dumas,XV
Catherine Daufès-Roux,XV
Anne Genetet,XV
Jean-Luc Bourgeaux,XV
Valérie Beauvais,XV
Dominique David,XV
Antoine Herth,XV
Daniel Fasquelle,XV
Valérie Six,XV
Vincent Descoeur,XV
Xavier Breton,XV
Michèle Tabarot,XV
Sylvie Tolmont,XV
Marie Tamarelle-Verhaeghe,XV
Manuel Valls,XV
Aude Bono-Vandorme,XV
François Pupponi,XV
Stéphane Peu,XV
Richard Ferrand,XV
Anne-France Brunet,XV
Valérie Boyer,XV
Pascale Fontenel-Personne,XV
Paul Molac,XV
Florence Granjus,XV
Jimmy Pahun,XV
Luc Lamirault,XV
Nathalie Sarles,XV
Jacques Maire,XV
Mireille Robert,XV
Fadila Khattabi,XV
Éric Girardin,XV
Isabelle Valentin,XV
Patricia Lemoine,XV
Sandrine Mörch,XV
Anne-Christine Lang,XV
Bruno Nestor Azerot,XV
Michèle Peyron,XV
Ramlati Ali,XV
Sandra Boëlle,XV
Marc Delatte,XV
Nadia Ramassamy,XV
Sylvie Charrière,XV
Meyer Habib,XV
Sophie Métadier,XV
Béatrice Descamps,XV
Yves Jégo,XV
Véronique Louwagie,XV
David Habib,XV
Nicolas Dupont-Aignan,XV
Jean-Marie Sermier,XV
Natalia Pouzyreff,XV
Nicolas Forissier,XV
Frédéric Petit,XV
Christian Hutin,XV
Frédérique Meunier,XV
Constance Le Grip,XV
Frédéric Barbier,XV
Thierry Michels,XV
Gérard Leseul,XV
Philippe Naillet,XV
Sabine Rubin,XV
Patrick Loiseau,XV
Françoise Dumas,XV
Philippe Berta,XV
Graziella Melchior,XV
Catherine Pujol,XV
Stéphane Le Foll,XV
Jean-François Parigi,XV
Michel Vialay,XV
Christian Jacob,XV
Pascal Bois,XV
Bruno Millienne,XV
Joël Giraud,XV
Bérengère Poletti,XV
Josiane Corneloup,XV
Nicole Le Peih,XV
Gabriel Serville,XV
Sophie Mette,XV
Mohamed Laqhila,XV
Brigitte Liso,XV
Sabine Thillaye,XV
Brigitte Kuster,XV
Bruno Fuchs,XV
Mansour Kamardine,XV
Brigitte Bourguignon,XV
Maurice Leroy,XV
Éric Coquerel,XV
Pierre Morel-À-l'Huissier,XV
Michèle Victory,XV
Philippe Gomès,XV
Jean-Paul Lecoq,XV
Bruno Bonnell,XV
Jean-Luc Lagleize,XV
Chantal Jourdan,XV
Yannick Favennec-Bécot,XV
Jacques Marilossian,XV
Alain Ramadier,XV
Jean-René Cazeneuve,XV
Éric Alauzet,XV
Bertrand Pancher,XV
Jacques Cattin,XV
Laurence Dumont,XV
François Cornut-Gentille,XV
Gilles Le Gendre,XV
Francis Vercamer,XV
Cyrille Isaac-Sibille,XV
Catherine Kamowski,XV
Jean-Paul Dufrègne,XV
Philippe Vigier,XV
Patrick Vignal,XV
Marie-Christine Dalloz,XV
Jeanine Dubié,XV
Jean-Louis Bricout,XV
Marianne Dubois,XV
Pierre Cabaré,XV
Denis Sommer,XV
Richard Lioger,XV
Claire Guion-Firmin,XV
Martine Leguille-Balloy,XV
Sylvie Bouchet Bellecourt,XV
Jérôme Lambert,XV
Nadia Essayan,XV
Jacqueline Dubois,XV
Jean-Claude Bouchet,XV
Bruno Duvergé,XV
Michel Lauzzana,XV
Jean-Michel Fauvergue,XV
Bernard Perrut,XV
Hubert Wulfranc,XV
Marc Le Fur,XV
Annie Vidal,XV
Annie Genevard,XV
Marie-Noëlle Battistel,XV
Didier Martin,XV
Jean-François Eliaou,XV
Brigitte Klinkert,XV
Frédérique Tuffnell,XV
Joël Aviragnet,XV
Rémi Delatte,XV
Hélène Vainqueur-Christophe,XV
Geneviève Darrieussecq,XV
Max Mathiasin,XV
Éric Woerth,XV
Christine Hennion,XV
Daniel Labaronne,XV
Dino Cinieri,XV
Jean Lassalle,XV
Vincent Bru,XV
Monica Michel-Brassart,XV
Jean-Yves Bony,XV
Laurence Vichnievsky,XV
Élisabeth Toutut-Picard,XV
André Villiers,XV
Jean-Claude Leclabart,XV
Jean-Michel Clément,XV
Yves Blein,XV
Patricia Gallerneau,XV
Yves Daniel,XV
Yolaine De Courson,XV
Yannick Haury,XV
Charles De la Verpillière,XV
Jean-Paul Mattei,XV
Didier Paris,XV
Jean-Louis Masson,XV
Josy Poueyto,XV
Claire Bouchet,XV
Monique Limon,XV
Bruno Joncour,XV
Bernard Reynès,XV
Bernard Deflesselles,XV
Claude De Ganay,XV
Jean-Charles Taugourdeau,XV
Jean-Jacques Bridey,XV
Serge Letchimy,XV
Jacques Savatier,XV
Gisèle Biémouret,XV
Marguerite Deprez-Audebert,XV
Gérard Menuel,XV
Charles De Courson,XV
Alain Bruneel,XV
Jean-Luc Reitzer,XV
Cécile Untermaier,XV
Nicole Dubré-Chirat,XV
Jean-Luc Mélenchon,XV
Olivier Dassault,XV
Hervé Pellois,XV
Marielle De Sarnez,XV
Michel Herbillon,XV
Jean-Luc Poudroux,XV
Huguette Bello,XV
Bernard Bouley,XV
André Chassaigne,XV
Joaquim Pueyo,XV
Jean-Pierre Pont,XV
Jean-Pierre Pont,XV
Michel Fanget,XV
Josette Manin,XV
Frédéric Reiss,XV
Claire O'Petit,XV
Michel Delpon,XV
Bernadette Beauvais,XV
Alain David,XV
Jacqueline Maquet,XV
Marie-George Buffet,XV
Francis Chouat,XV
George Pau-Langevin,XV
Gilles Carrez,XV
Jacques Krabal,XV
Gérard Cherpion,XV
Edith Audibert,XV
Geneviève Levy,XV
Jean-Pierre Cubertafon,XV
Gilbert Collard,XV
Alain Tourret,XV
Danielle Brulebois,XV
Robert Therry,XV
Danièle Hérin,XV
Didier Quentin,XV
Jean-Louis Bourlanges,XV
Myriane Houplain,XV
Jean-Louis Touraine,XV
Michel Castellani,XV
José Evrard,XV
Guy Teissier,XV
Claude Goasguen,XV
Monique Iborra,XV
Guy Bricout,XV
Jacques Bompard,XV
Jacques Rey,XV
Jean-Pierre Door,XV
Bernard Brochand,XV
Tematai Le Gayic,XVI
Louis Boyard,XVI
Pierrick Berteloot,XVI
Bryan Masson,XVI
Damien Maudet,XVI
Charles Rodwell,XVI
Manon Meunier,XVI
Louise Morel,XVI
Victor Catteau,XVI
Marie-Charlotte Garin,XVI
Pierre Cazeneuve,XVI
Édouard Bénard,XVI
Jordan Guitton,XVI
Alexandre Loubet,XVI
Quentin Bataillon,XVI
Inaki Echaniz,XVI
Julien Rancoule,XVI
Clara Chassaniol,XVI
Mathilde Hignet,XVI
Matthieu Marchio,XVI
Aurélien Lopez-Liguori,XVI
Jorys Bovet,XVI
Alexandre Sabatou,XVI
Antoine Vermorel-Marques,XVI
David Amiel,XVI
David Guiraud,XVI
Victor Habert-Dassault,XVI
Alexis Izard,XVI
Thomas Ménagé,XVI
Pierre Henriet,XVI
Philippe Brun,XVI
Arthur Delaporte,XVI
Antoine Armand,XVI
Kévin Mauvieux,XVI
Hadrien Clouet,XVI
Sylvain Carrière,XVI
Robin Reda,XVI
Sandrine Le Feur,XVI
Clémence Guetté,XVI
Maud Bregeon,XVI
Carlos Martens Bilongo,XVI
Alexis Jolly,XVI
Marie Lebec,XVI
Benjamin Lucas-Lundy,XVI
Andy Kerbrat,XVI
Charlotte Goetschy-Bolognese,XVI
Bastien Marchive,XVI
Kévin Pfeffer,XVI
Adrien Quatennens,XVI
Alma Dufour,XVI
Marie Pochon,XVI
Alexandre Portier,XVI
Anaïs Sabatini,XVI
Nathalie Oziol,XVI
Raphaël Schellenberger,XVI
Hervé Berville,XVI
Thibaut François,XVI
Pierre Meurin,XVI
Justine Gruet,XVI
Ugo Bernalicis,XVI
Julie Delpech,XVI
Antoine Léaument,XVI
Damien Adam,XVI
Hadrien Ghomi,XVI
Gabriel Attal,XVI
Sarah El Haïry,XVI
Antoine Villedieu,XVI
Jérémie Patrier-Leitus,XVI
Romain Baubry,XVI
Mathilde Panot,XVI
Charles Sitzenstuhl,XVI
Sacha Houlié,XVI
William Martinet,XVI
Timothée Houssin,XVI
Lisa Belluco,XVI
Jean-Marc Zulesi,XVI
Aurélien Saintoul,XVI
Ersilia Soudais,XVI
Nicolas Metzdorf,XVI
Ian Boucard,XVI
Angélique Ranc,XVI
Lionel Tivoli,XVI
Edwige Diaz,XVI
Pierre-Henri Dumont,XVI
Maxime Minot,XVI
Cyrielle Chatelain,XVI
Matthias Tavel,XVI
Christophe Bentz,XVI
Sébastien Delogu,XVI
Alexandre Holroyd,XVI
Émeline K/Bidi,XVI
Ludovic Mendes,XVI
Guillaume Kasbarian,XVI
Vincent Seitlinger,XVI
Frédéric Maillot,XVI
Aurore Bergé,XVI
Pieyre-Alexandre Anglade,XVI
Mathieu Lefèvre,XVI
Yoann Gillet,XVI
Fabien Di Filippo,XVI
Bérangère Couillard,XVI
Manuel Bompard,XVI
Jean-Philippe Tanguy,XVI
Aurélien Pradié,XVI
Emmanuel Blairy,XVI
Thomas Mesnier,XVI
Ségolène Amiot,XVI
Guillaume Gouffier Valente,XVI
Benoit Mournet,XVI
Christopher Weissberg,XVI
Frédéric Falcon,XVI
Thomas Portes,XVI
Sarah Legrain,XVI
Marianne Maximi,XVI
Steve Chailloux,XVI
Benjamin Haddad,XVI
Paul Vannier,XVI
Eléonore Caroit,XVI
Karine Lebon,XVI
Jiovanny William,XVI
Julien Dive,XVI
Yaël Ménaché,XVI
Julien Odoul,XVI
Christelle d'Intorni,XVI
Grégoire De Fournas,XVI
Mounir Belhamiti,XVI
Prisca Thevenot,XVI
Sarah Tanzilli,XVI
Mathilde Paris,XVI
Lise Magnier,XVI
François Piquemal,XVI
Thibault Bazin,XVI
Louis Margueritte,XVI
Mélanie Thomin,XVI
Aurélien Taché,XVI
Loïc Kervran,XVI
Benoît Bordat,XVI
Jean-Charles Larsonneur,XVI
Florian Chauche,XVI
Christophe Naegelen,XVI
Laure Miller,XVI
Nicolas Meizonnet,XVI
Alexandre Vincendet,XVI
Anne-Laure Blin,XVI
Carole Grandjean,XVI
Jean-Noël Barrot,XVI
Benjamin Saint-Huile,XVI
Émilie Chandler,XVI
Perceval Gaillard,XVI
Jérémie Iordanoff,XVI
Paul Midy,XVI
Gérald Darmanin,XVI
Élise Leboucher,XVI
Marjolaine Meynier-Millefert,XVI
Julie Laernoes,XVI
Joris Hébrard,XVI
Stanislas Guerini,XVI
Sébastien Peytavie,XVI
Huguette Tiegna,XVI
Caroline Janvier,XVI
Anne-Laure Babault,XVI
Francesca Pasquini,XVI
Blandine Brocard,XVI
Stéphanie Galzy,XVI
Olga Givernet,XVI
David Valence,XVI
Clément Beaune,XVI
Elsa Faucillon,XVI
Jocelyn Dessigny,XVI
Thomas Gassilloud,XVI
Nicolas Ray,XVI
Sabrina Sebaihi,XVI
Denis Masséglia,XVI
Laetitia Saint-Paul,XVI
Maxime Laisney,XVI
Laurent Marcangeli,XVI
Arnaud Le Gall,XVI
Anthony Brosse,XVI
Naïma Moutchou,XVI
Mathilde Desjonquères,XVI
Christelle Petex,XVI
Emmanuel Fernandes,XVI
Bastien Lachaud,XVI
Franck Allisio,XVI
Émilie Bonnivard,XVI
Danièle Obono,XVI
Anne Stambach-Terrenoir,XVI
Charlotte Leduc,XVI
Julien Bayou,XVI
Romain Daubié,XVI
Olivier Véran,XVI
Damien Abad,XVI
Nadia Hai,XVI
Freddy Sertin,XVI
Davy Rimane,XVI
Géraldine Bannier,XVI
Henri Alfandari,XVI
Aurélie Trouvé,XVI
Claire Colomb-Pitollat,XVI
Virginie Duby-Muller,XVI
Céline Calvez,XVI
Sophia Chikirou,XVI
Maud Gatel,XVI
Michaël Taverne,XVI
Benjamin Dirx,XVI
Hélène Laporte,XVI
Nicolas Pacquot,XVI
Sébastien Rome,XVI
Olivia Grégoire,XVI
Olivier Dussopt,XVI
Estelle Youssouffa,XVI
Bruno Studer,XVI
Anna Pic,XVI
Élodie Jacquier-Laforge,XVI
Sandra Regol,XVI
Amélia Lakrafi,XVI
Perrine Goulet,XVI
Ingrid Dordain,XVI
Thomas Cazenave,XVI
Julie Lechanteux,XVI
Hendrik Davi,XVI
Marc Ferracci,XVI
Frédéric Mathieu,XVI
Charlotte Parmentier-Lecocq,XVI
Anne Grignon,XVI
Nicolas Dragon,XVI
Karim Ben Cheikh,XVI
Jean Terlier,XVI
Christine Loir,XVI
Karen Erodi,XVI
Caroline Fiat,XVI
Marie-Pierre Rixain,XVI
Xavier Batut,XVI
Laurent Panifous,XVI
Marie Guévenoux,XVI
Sabrina Agresti-Roubache,XVI
Bruno Bilde,XVI
Caroline Abadie,XVI
Farida Amrani,XVI
Alexandra Martin Gironde,XVI
Servane Hugues,XVI
Bénédicte Taurine,XVI
Estelle Folest,XVI
Olivier Becht,XVI
Laure Lavalette,XVI
Fabien Lainé,XVI
Serge Muller,XVI
Nicolas Thierry,XVI
Mickaël Cosson,XVI
François Ruffin,XVI
Yannick Monnet,XVI
Sandrine Josso,XVI
Stéphanie Kochert,XVI
Boris Vallaud,XVI
Didier Lemaire,XVI
Pierre Dharréville,XVI
Barbara Pompili,XVI
Fanta Berete,XVI
David Taupiac,XVI
Philippe Guillemard,XVI
Philippe Latombe,XVI
Emmanuel Taché de la Pagerie,XVI
Géraldine Grangier,XVI
Laurent Croizier,XVI
Idir Boumertit,XVI
Sophie Taillé-Polian,XVI
Stéphane Vojetta,XVI
Murielle Lepvraud,XVI
Éric Poulliat,XVI
Florence Lasserre,XVI
Olivier Serva,XVI
Rachel Keke,XVI
Sylvain Maillard,XVI
Rodrigo Arenas,XVI
Raquel Garrido,XVI
Cécile Rilhac,XVI
Stéphane Buchou,XVI
Félicie Gérard,XVI
Franck Riester,XVI
Sandra Marsaud,XVI
Emeric Salmon,XVI
Frédéric Boccaletti,XVI
Stella Dupont,XVI
Marina Ferrari,XVI
Florent Boudié,XVI
Annick Cousin,XVI
Stéphanie Rist,XVI
Anne-Cécile Violland,XVI
Laurent Alexandre,XVI
Clémentine Autain,XVI
Annaïg Le Meur,XVI
Valérie Rabault,XVI
Christophe Marion,XVI
Sébastien Chenu,XVI
Christophe Blanchet,XVI
Delphine Batho,XVI
Jean-Félix Acquaviva,XVI
Frank Giletti,XVI
Johnny Hajjar,XVI
Jérôme Buisson,XVI
François Cormier-Bouligeon,XVI
Delphine Lingemann,XVI
Lionel Royer-Perreaut,XVI
Frédéric Zgainski,XVI
Stéphane Delautrette,XVI
Violette Spillebout,XVI
Jérôme Nury,XVI
Jérôme Legavre,XVI
Mickaël Bouloux,XVI
Bénédicte Auzanot,XVI
Nicolas Turquois,XVI
Pierre Cordier,XVI
Vincent Thiébaut,XVI
Élisa Martin,XVI
Léo Walter,XVI
Olivier Falorni,XVI
Sandrine Rousseau,XVI
Philippe Schreck,XVI
Jérôme Guedj,XVI
Mikaele Seo,XVI
Sébastien Jumel,XVI
Aymeric Caron,XVI
Maud Petit,XVI
Isabelle Périgault,XVI
Astrid Panosyan-Bouvet,XVI
Fabienne Colboc,XVI
José Beaurain,XVI
Sophie Errante,XVI
Emmanuel Lacresse,XVI
Alexandra Masson,XVI
Danielle Simonnet,XVI
Fatiha Keloua Hachi,XVI
Lionel Causse,XVI
Anne-Sophie Frigout,XVI
Erwan Balanant,XVI
Paul Christophe,XVI
Olivier Marleix,XVI
Marc Fesneau,XVI
Thomas Rudigoz,XVI
Katiana Levavasseur,XVI
Yaël Braun-Pivet,XVI
Anne Brugnera,XVI
Laurent Leclercq,XVI
Sandrine Dogor-Such,XVI
Hervé Saulignac,XVI
Mereana Reid Arbelot,XVI
Emmanuel Pellerin,XVI
Éric Pauget,XVI
Eva Sas,XVI
Bertrand Bouyx,XVI
Anne-Laurence Petel,XVI
Vincent Rolland,XVI
Xavier Albertini,XVI
Xavier Roseren,XVI
Sylvie Bonnet,XVI
Jean-Luc Fugit,XVI
Véronique Riotton,XVI
Valérie Bazin-Malgras,XVI
Jean-Pierre Vigier,XVI
Moetai Brotherson,XVI
Stéphane Viry,XVI
Laurent Jacobelli,XVI
Stéphane Travert,XVI
Fabrice Le Vigoureux,XVI
Jean-Marc Tellier,XVI
Loïc Prud'Homme,XVI
Anne Le Hénanff,XVI
Belkhir Belhaddad,XVI
Jean-Louis Thiériot,XVI
Philippe Fait,XVI
Hervé De Lépinau,XVI
Fabien Roussel,XVI
Karl Olive,XVI
Stéphane Mazars,XVI
Yannick Neuder,XVI
Philippe Frei,XVI
Sophie Panonacle,XVI
Agnès Firmin le Bodo,XVI
Laurence Heydel Grillere,XVI
Jean-François Lovisolo,XVI
Alexandra Martin,XVI
Raphaël Gérard,XVI
Anne Bergantz,XVI
Lionel Vuibert,XVI
Olivier Faure,XVI
Nathalie Serre,XVI
Alexis Corbière,XVI
Emmanuelle Ménard,XVI
Caroline Yadan,XVI
Isabelle Rauch,XVI
Marine Le Pen,XVI
Dominique Da Silva,XVI
Nicolas Sansu,XVI
Agnès Carel,XVI
Michèle Martinez,XVI
Emmanuel Maquet,XVI
Éric Martineau,XVI
Virginie Lanlo,XVI
Fabrice Brun,XVI
Richard Ramos,XVI
Charles Fournier,XVI
Jean-Michel Jacques,XVI
Sophie Blanc,XVI
Nathalie Bassire,XVI
Philippe Dunoyer,XVI
Lisette Pollet,XVI
Christophe Plassard,XVI
Laurence Cristol,XVI
Sylvie Ferrer,XVI
Pascal Lavergne,XVI
Patricia Mirallès,XVI
Pierre Vatin,XVI
Aude Luquet,XVI
Paul-André Colombani,XVI
Marine Hamelet,XVI
Jean-Hugues Ratenon,XVI
Guillaume Vuilletet,XVI
Claire Guichard,XVI
Gabriel Amard,XVI
Frédéric Descrozaille,XVI
Laurence Maillart-Méhaignerie,XVI
Philippe Bolo,XVI
Marie-Agnès Poussier-Winsback,XVI
Liliana Tanguy,XVI
Jean-Claude Raux,XVI
Roland Lescure,XVI
Luc Geismar,XVI
Philippe Gosselin,XVI
Éric Bothorel,XVI
Béatrice Bellamy,XVI
Christophe Barthès,XVI
Frédéric Cabrolier,XVI
Thierry Benoit,XVI
Frédéric Valletoux,XVI
Philippe Lottiaux,XVI
Vincent Ledoux,XVI
Guillaume Garot,XVI
Christine Decodts,XVI
Jean-François Coulomme,XVI
Nathalie Da Conceicao Carvalho,XVI
Rémy Rebeyrotte,XVI
François Jolivet,XVI
Jean-Carles Grelier,XVI
Hubert Julien-Laferrière,XVI
Caroline Parmentier,XVI
Didier Padey,XVI
Jean-Luc Warsmann,XVI
Jean-François Portarrieu,XVI
Pascale Boyer,XVI
Éric Ciotti,XVI
Isabelle Santiago,XVI
Béatrice Piron,XVI
Didier Le Gac,XVI
Emmanuel Mandon,XVI
Jean-Philippe Nilor,XVI
Bertrand Sorre,XVI
Marietta Karamanli,XVI
Marie-France Lorho,XVI
Christine Le Nabour,XVI
Christine Pirès Beaune,XVI
Bertrand Petit,XVI
Stéphane Lenormand,XVI
Emmanuelle Anthoine,XVI
Patrick Hetzel,XVI
Jean-Marie Fiévet,XVI
Hubert Ott,XVI
Denis Bernaert,XVI
Dominique Potier,XVI
Soumya Bourouaha,XVI
Jean-Philippe Ardouin,XVI
Didier Parakian,XVI
Patrice Perrot,XVI
Philippe Juvin,XVI
Laurence Robert-Dehault,XVI
Mireille Clapot,XVI
Claudia Rouaux,XVI
Véronique Besse,XVI
Lysiane Métayer,XVI
Jean-Jacques Gaultier,XVI
Eric Husson,XVI
Corinne Vignon,XVI
Andrée Taurinya,XVI
Roger Vicot,XVI
Anne Genetet,XVI
Jean-Luc Bourgeaux,XVI
Philippe Pradal,XVI
Vincent Descoeur,XVI
Xavier Breton,XVI
Marcellin Nadeau,XVI
Michèle Tabarot,XVI
René Pilato,XVI
Laurent Esquenet-Goxes,XVI
Stéphane Peu,XVI
Christian Baptiste,XVI
Paul Molac,XVI
Jimmy Pahun,XVI
Luc Lamirault,XVI
Jean-Victor Castor,XVI
Catherine Jaouen,XVI
Jean-Pierre Taite,XVI
Fadila Khattabi,XVI
Éric Girardin,XVI
Isabelle Valentin,XVI
Patricia Lemoine,XVI
Francis Dubois,XVI
Christophe Bex,XVI
Pascale Bordes,XVI
Pascale Martin,XVI
Michèle Peyron,XVI
Florence Goulet,XVI
Chantal Bouloux,XVI
Martine Froger,XVI
Philippe Sorez,XVI
Meyer Habib,XVI
Béatrice Descamps,XVI
Élisabeth Borne,XVI
François Gernigon,XVI
Véronique Louwagie,XVI
David Habib,XVI
Nicolas Dupont-Aignan,XVI
Natalia Pouzyreff,XVI
Nicolas Forissier,XVI
Frédéric Petit,XVI
Frédérique Meunier,XVI
Philippe Ballard,XVI
Constance Le Grip,XVI
Gérard Leseul,XVI
Philippe Naillet,XVI
Béatrice Roullaud,XVI
Philippe Emmanuel,XVI
Juliette Vilgrain,XVI
Philippe Berta,XVI
Graziella Melchior,XVI
Stéphane Rambaud,XVI
Bruno Millienne,XVI
Yannick Chenevard,XVI
Joël Giraud,XVI
Josiane Corneloup,XVI
Nicole Le Peih,XVI
Christine Arrighi,XVI
Sophie Mette,XVI
Dominique Faure,XVI
Mohamed Laqhila,XVI
Brigitte Liso,XVI
Sabine Thillaye,XVI
Bruno Fuchs,XVI
Mansour Kamardine,XVI
Catherine Couturier,XVI
Éric Coquerel,XVI
Pierre Morel-À-l'Huissier,XVI
Jean-Paul Lecoq,XVI
Chantal Jourdan,XVI
Yannick Favennec-Bécot,XVI
Jean-René Cazeneuve,XVI
Éric Alauzet,XVI
Bertrand Pancher,XVI
Gilles Le Gendre,XVI
Cyrille Isaac-Sibille,XVI
Pascal Lecamp,XVI
Philippe Vigier,XVI
Patrick Vignal,XVI
Marie-Christine Dalloz,XVI
Jean-Louis Bricout,XVI
Caroline Colombier,XVI
Michel Lauzzana,XVI
Hubert Wulfranc,XVI
Marc Le Fur,XVI
Annie Vidal,XVI
Annie Genevard,XVI
Didier Martin,XVI
Marie-Noëlle Battistel,XVI
Brigitte Klinkert,XVI
Martine Etienne,XVI
Joël Aviragnet,XVI
Geneviève Darrieussecq,XVI
Max Mathiasin,XVI
Éric Woerth,XVI
Daniel Labaronne,XVI
Dino Cinieri,XVI
Christine Engrand,XVI
Vincent Bru,XVI
Jean-Yves Bony,XVI
Laurence Vichnievsky,XVI
André Villiers,XVI
Michel Guiniot,XVI
Yannick Haury,XVI
Michel Sala,XVI
Elie Califer,XVI
Jean-Paul Mattei,XVI
Didier Paris,XVI
Frantz Gumbs,XVI
Josy Poueyto,XVI
Françoise Buffet,XVI
Jean-François Rousset,XVI
Hubert Brigand,XVI
Thierry Frappé,XVI
Christian Girard,XVI
Charles De Courson,XVI
Gisèle Lelouis,XVI
Cécile Untermaier,XVI
Nicole Dubré-Chirat,XVI
Michel Herbillon,XVI
André Chassaigne,XVI
Jean-Pierre Pont,XVI
Joëlle Mélin,XVI
Roger Chudeau,XVI
Alain David,XVI
Jacqueline Maquet,XVI
Daniel Grenon,XVI
Véronique De Montchalin,XVI
Jean-Pierre Cubertafon,XVI
Danielle Brulebois,XVI
Jean-Louis Bourlanges,XVI
Michel Castellani,XVI
Monique Iborra,XVI
Guy Bricout,XVI
José Gonzalez,XVI
Flavien Termet,XVII
Hanane Mansouri,XVII
Louis Boyard,XVII
Théo Bernhardt,XVII
Auguste Evrard,XVII
Hugo Prevost,XVII
Alexandre Dufosset,XVII
Bryan Masson,XVII
Damien Maudet,XVII
Aurélien Le Coq,XVII
Maxime Amblard,XVII
Eddy Casterman,XVII
Charles Rodwell,XVII
Romain Tonussi,XVII
Manon Meunier,XVII
Julien Limongi,XVII
Louise Morel,XVII
Marie-Charlotte Garin,XVII
Pierre Cazeneuve,XVII
Édouard Bénard,XVII
Anaïs Belouassa-Cherifi,XVII
Jordan Guitton,XVII
Raphaël Arnault,XVII
Claire Lejeune,XVII
Marie Mesmeur,XVII
Alexandre Loubet,XVII
Gaëtan Dussausaye,XVII
Jean Moulliere,XVII
Charles Alloncle,XVII
Inaki Echaniz,XVII
Céline Hervieu,XVII
Julien Rancoule,XVII
Mathilde Hignet,XVII
Matthieu Marchio,XVII
Anthony Boulogne,XVII
Aurélien Lopez-Liguori,XVII
Guillaume Florquin,XVII
Jorys Bovet,XVII
Alexandre Sabatou,XVII
Antoine Vermorel-Marques,XVII
Vincent Caure,XVII
David Amiel,XVII
David Guiraud,XVII
Pierre-Yves Cadalen,XVII
Manon Bouquin,XVII
Gabrielle Cathala,XVII
Maxime Michelet,XVII
Thomas Ménagé,XVII
Pierre Henriet,XVII
Philippe Brun,XVII
Arthur Delaporte,XVII
Antoine Armand,XVII
Kévin Mauvieux,XVII
Bartolomé Lenoir,XVII
Pauline Levasseur,XVII
Hadrien Clouet,XVII
Sylvain Carrière,XVII
Sandrine Le Feur,XVII
Clémence Guetté,XVII
Maud Bregeon,XVII
Carlos Martens Bilongo,XVII
Alexis Jolly,XVII
Marie Lebec,XVII
Benjamin Lucas-Lundy,XVII
Andy Kerbrat,XVII
Bastien Marchive,XVII
Sébastien Humbert,XVII
Kévin Pfeffer,XVII
Alma Dufour,XVII
Marie Pochon,XVII
Alexandre Portier,XVII
Léa Balage El Mariky,XVII
Anaïs Sabatini,XVII
Nathalie Oziol,XVII
Raphaël Schellenberger,XVII
Jean Laussucq,XVII
Hervé Berville,XVII
Emmanuel Duplessy,XVII
Corentin Le Fur,XVII
Pierre Meurin,XVII
Justine Gruet,XVII
Ugo Bernalicis,XVII
Julie Delpech,XVII
Antoine Léaument,XVII
Tiffany Joncour,XVII
Bruno Clavet,XVII
Gabriel Attal,XVII
Antoine Villedieu,XVII
Jérémie Patrier-Leitus,XVII
Marc De Fleurian,XVII
Romain Baubry,XVII
Mathilde Panot,XVII
Alexandre Allegret-Pilot,XVII
Charles Sitzenstuhl,XVII
Sacha Houlié,XVII
Moerani Frébault,XVII
Timothée Houssin,XVII
Lisa Belluco,XVII
Vincent Trébuchet,XVII
Aurélien Saintoul,XVII
Ersilia Soudais,XVII
Nicolas Metzdorf,XVII
Ian Boucard,XVII
Matthias Renault,XVII
Bérenger Cernon,XVII
Angélique Ranc,XVII
Lionel Tivoli,XVII
Edwige Diaz,XVII
Marie-Ange Rousselot,XVII
Cyrielle Chatelain,XVII
Matthias Tavel,XVII
Christophe Bentz,XVII
Sébastien Delogu,XVII
Émeline K/Bidi,XVII
Ludovic Mendes,XVII
Aly Diouara,XVII
Guillaume Kasbarian,XVII
Thibaut Monnier,XVII
Paul Christophle,XVII
Frédéric Maillot,XVII
Aurore Bergé,XVII
Pieyre-Alexandre Anglade,XVII
Mathieu Lefèvre,XVII
Jonathan Gery,XVII
Yoann Gillet,XVII
Fabien Di Filippo,XVII
Romain Eskenazi,XVII
Constance De Pélichy,XVII
Manuel Bompard,XVII
Jean-Philippe Tanguy,XVII
Emmanuel Blairy,XVII
Aurélien Pradié,XVII
Ségolène Amiot,XVII
Guillaume Gouffier Valente,XVII
Frédéric Falcon,XVII
Thomas Portes,XVII
Sarah Legrain,XVII
Marianne Maximi,XVII
Benjamin Haddad,XVII
Paul Vannier,XVII
Antoine Golliot,XVII
Eléonore Caroit,XVII
Pierrick Courbon,XVII
Karine Lebon,XVII
Jiovanny William,XVII
Julien Dive,XVII
Yaël Ménaché,XVII
Julien Odoul,XVII
Christelle d'Intorni,XVII
Stéphane Séjourné,XVII
Prisca Thevenot,XVII
Lise Magnier,XVII
François Piquemal,XVII
Gérault Verny,XVII
Danièle Carteron,XVII
Thibault Bazin,XVII
Mélanie Thomin,XVII
Aurélien Taché,XVII
Julien Guibert,XVII
Vincent Jeanbrun,XVII
Loïc Kervran,XVII
Christophe Naegelen,XVII
Laure Miller,XVII
Nicolas Meizonnet,XVII
Arnaud Sanvert,XVII
Anne-Laure Blin,XVII
Jean-Noël Barrot,XVII
Tristan Lahais,XVII
Matthieu Bloch,XVII
Perceval Gaillard,XVII
Julien Gokel,XVII
Jérémie Iordanoff,XVII
Paul Midy,XVII
Océane Godard,XVII
Gérald Darmanin,XVII
Élise Leboucher,XVII
Julien Brugerolles,XVII
Julie Laernoes,XVII
Sébastien Peytavie,XVII
Ayda Hadizadeh,XVII
Thierry Sother,XVII
Harold Huwart,XVII
Blandine Brocard,XVII
Thomas Lam,XVII
Stéphanie Galzy,XVII
Olga Givernet,XVII
Elsa Faucillon,XVII
Jocelyn Dessigny,XVII
Thomas Gassilloud,XVII
Nicolas Ray,XVII
Sabrina Sebaihi,XVII
Denis Masséglia,XVII
Julien Gabarron,XVII
Nicolas Bonnet,XVII
Laetitia Saint-Paul,XVII
Maxime Laisney,XVII
Laurent Marcangeli,XVII
Sébastien Saint-Pasteur,XVII
Arnaud Le Gall,XVII
Naïma Moutchou,XVII
Anthony Brosse,XVII
Christelle Petex,XVII
Emmanuel Fernandes,XVII
Bastien Lachaud,XVII
Franck Allisio,XVII
Émilie Bonnivard,XVII
Danièle Obono,XVII
Anne Stambach-Terrenoir,XVII
Romain Daubié,XVII
Karim Benbrahim,XVII
Freddy Sertin,XVII
Jean-Didier Berger,XVII
Davy Rimane,XVII
Géraldine Bannier,XVII
Henri Alfandari,XVII
Aurélie Trouvé,XVII
Boris Tavernier,XVII
Virginie Duby-Muller,XVII
Céline Calvez,XVII
Sophia Chikirou,XVII
Sandrine Runel,XVII
Peio Dufau,XVII
Michaël Taverne,XVII
Benjamin Dirx,XVII
Arnaud Saint-Martin,XVII
Hélène Laporte,XVII
Aurélien Dutremble,XVII
Guillaume Lepers,XVII
Olivia Grégoire,XVII
Julie Ozenne,XVII
Estelle Youssouffa,XVII
Anna Pic,XVII
Sandra Regol,XVII
Amélia Lakrafi,XVII
Perrine Goulet,XVII
Thomas Cazenave,XVII
Anne-Sophie Ronceret,XVII
Emmanuel Grégoire,XVII
Julie Lechanteux,XVII
Hendrik Davi,XVII
Marc Ferracci,XVII
Sébastien Martin,XVII
Charlotte Parmentier-Lecocq,XVII
Nicolas Dragon,XVII
Karim Ben Cheikh,XVII
Jean Terlier,XVII
Arnaud Bonnet,XVII
Christine Loir,XVII
Karen Erodi,XVII
Marie-Pierre Rixain,XVII
Laurent Panifous,XVII
Bruno Bilde,XVII
Farida Amrani,XVII
Aurélien Rousseau,XVII
Olivier Becht,XVII
Laure Lavalette,XVII
Fabien Lainé,XVII
Emmanuel Tjibaou,XVII
Serge Muller,XVII
Nicolas Thierry,XVII
Mickaël Cosson,XVII
François Ruffin,XVII
Yannick Monnet,XVII
Élisabeth De Maistre,XVII
Sandrine Josso,XVII
Nadège Abomangoli,XVII
Béatrice Bellay,XVII
Boris Vallaud,XVII
Didier Lemaire,XVII
Camille Galliard-Minier,XVII
David Taupiac,XVII
Philippe Latombe,XVII
Laurent Wauquiez,XVII
Emmanuel Taché de la Pagerie,XVII
Géraldine Grangier,XVII
Laurent Croizier,XVII
Sophie Taillé-Polian,XVII
Idir Boumertit,XVII
Céline Thiébault-Martinez,XVII
Stéphane Vojetta,XVII
Murielle Lepvraud,XVII
Dieynaba Diop,XVII
Olivier Serva,XVII
Agnès Pannier-Runacher,XVII
Sandra Delannoy,XVII
Sylvain Maillard,XVII
Rodrigo Arenas,XVII
Stéphane Buchou,XVII
Félicie Gérard,XVII
Franck Riester,XVII
Sandra Marsaud,XVII
Emeric Salmon,XVII
Frédéric Boccaletti,XVII
Stella Dupont,XVII
Marina Ferrari,XVII
Joséphine Missoffe,XVII
Florent Boudié,XVII
Stéphanie Rist,XVII
Anne-Cécile Violland,XVII
Laurent Alexandre,XVII
Damien Girard,XVII
Clémentine Autain,XVII
Frédéric Weber,XVII
Emmanuel Maurel,XVII
Annaïg Le Meur,XVII
Christophe Marion,XVII
Sébastien Chenu,XVII
Fabrice Roussel,XVII
Christophe Blanchet,XVII
Delphine Batho,XVII
Frank Giletti,XVII
Jérôme Buisson,XVII
Estelle Mercier,XVII
Florence Herouin-Léautey,XVII
François Cormier-Bouligeon,XVII
Delphine Lingemann,XVII
Sandrine Nosbé,XVII
Stéphane Delautrette,XVII
Violette Spillebout,XVII
Jérôme Nury,XVII
Jérôme Legavre,XVII
Mickaël Bouloux,XVII
Bénédicte Auzanot,XVII
Nicolas Turquois,XVII
Nicole Sanquer,XVII
David Magnier,XVII
Pierre Cordier,XVII
Vincent Thiébaut,XVII
Élisa Martin,XVII
Pouria Amirshahi,XVII
Olivier Falorni,XVII
Sandrine Rousseau,XVII
Philippe Schreck,XVII
Jérôme Guedj,XVII
Mikaele Seo,XVII
Remi Provendier,XVII
Aymeric Caron,XVII
Maud Petit,XVII
Joseph Rivière,XVII
Astrid Panosyan-Bouvet,XVII
José Beaurain,XVII
Sophie Pantel,XVII
Sophie Errante,XVII
Alexandra Masson,XVII
Danielle Simonnet,XVII
Fatiha Keloua Hachi,XVII
Abdelkader Lahmar,XVII
Lionel Causse,XVII
Sophie Delorme Duret,XVII
Anchya Bamana,XVII
Erwan Balanant,XVII
Paul Christophe,XVII
Olivier Marleix,XVII
Marc Fesneau,XVII
Katiana Levavasseur,XVII
Yaël Braun-Pivet,XVII
Sandrine Dogor-Such,XVII
Hervé Saulignac,XVII
Christelle Minard,XVII
Mereana Reid Arbelot,XVII
Éric Pauget,XVII
Eva Sas,XVII
Fabrice Barusseau,XVII
Thierry Liger,XVII
Bertrand Bouyx,XVII
Salvatore Castiglione,XVII
Steevy Gustave,XVII
Vincent Rolland,XVII
Xavier Albertini,XVII
Marie-José Allemand,XVII
Xavier Roseren,XVII
Sylvie Bonnet,XVII
Sophie Ricourt Vaginay,XVII
Jean-Luc Fugit,XVII
Guillaume Bigot,XVII
Robert Le Bourgeois,XVII
Véronique Riotton,XVII
Valérie Bazin-Malgras,XVII
Sébastien Huyghe,XVII
Jean-Pierre Vigier,XVII
Stéphane Viry,XVII
Laurent Jacobelli,XVII
Stéphane Travert,XVII
Loïc Prud'Homme,XVII
Anne Le Hénanff,XVII
Belkhir Belhaddad,XVII
Jean-Louis Thiériot,XVII
Philippe Fait,XVII
Hervé De Lépinau,XVII
Mathilde Feld,XVII
Karl Olive,XVII
Stéphane Mazars,XVII
Yannick Neuder,XVII
Sophie Panonacle,XVII
Agnès Firmin le Bodo,XVII
François-Xavier Ceccoli,XVII
Alexandra Martin,XVII
Anne Bergantz,XVII
Catherine Rimbert,XVII
Lionel Vuibert,XVII
Sylvie Josserand,XVII
Olivier Faure,XVII
Alexis Corbière,XVII
Caroline Yadan,XVII
Isabelle Rauch,XVII
Marine Le Pen,XVII
Marc Chavent,XVII
Nicolas Sansu,XVII
Michèle Martinez,XVII
Arnaud Simion,XVII
Éric Martineau,XVII
Sylvain Berrios,XVII
Jean-Michel Brard,XVII
Fabrice Brun,XVII
Olivier Fayssat,XVII
Richard Ramos,XVII
Charles Fournier,XVII
Jean-Michel Jacques,XVII
Sophie Blanc,XVII
Lisette Pollet,XVII
Christophe Plassard,XVII
Sylvie Ferrer,XVII
Isabelle Mesnard,XVII
Paul-André Colombani,XVII
Marine Hamelet,XVII
Jean-Hugues Ratenon,XVII
Anne Sicard,XVII
Gabriel Amard,XVII
Benoît Biteau,XVII
Philippe Bolo,XVII
Marie-Agnès Poussier-Winsback,XVII
Liliana Tanguy,XVII
Jean-Claude Raux,XVII
Pascal Jenft,XVII
Roland Lescure,XVII
Thierry Perez,XVII
Philippe Gosselin,XVII
Béatrice Bellamy,XVII
Éric Bothorel,XVII
Christophe Barthès,XVII
Thierry Benoit,XVII
Frédéric Valletoux,XVII
Philippe Lottiaux,XVII
Emmanuel Fouquart,XVII
Vincent Ledoux,XVII
Christophe Proença,XVII
Guillaume Garot,XVII
Jean-François Coulomme,XVII
Nathalie Da Conceicao Carvalho,XVII
François Jolivet,XVII
Jean-Carles Grelier,XVII
David Guerin,XVII
Caroline Parmentier,XVII
Didier Padey,XVII
Jean-Luc Warsmann,XVII
Jean-François Portarrieu,XVII
Éric Ciotti,XVII
Isabelle Santiago,XVII
Béatrice Piron,XVII
Laurent Mazaury,XVII
Laurent Baumel,XVII
Didier Le Gac,XVII
Florence Joubert,XVII
Stéphane Hablot,XVII
Emmanuel Mandon,XVII
Xavier Lacombe,XVII
Jean-Philippe Nilor,XVII
Zahia Hamdane,XVII
Bertrand Sorre,XVII
Nathalie Colin-Oesterlé,XVII
Marie Récalde,XVII
Bernard Chaix,XVII
Marietta Karamanli,XVII
Emmanuelle Hoffman,XVII
Marie-France Lorho,XVII
Christine Le Nabour,XVII
Christine Pirès Beaune,XVII
Stéphane Lenormand,XVII
Patrick Hetzel,XVII
Jean-Marie Fiévet,XVII
Hubert Ott,XVII
Valérie Rossi,XVII
Dominique Potier,XVII
Soumya Bourouaha,XVII
Sylvie Dezarnaud,XVII
Philippe Juvin,XVII
Laurence Robert-Dehault,XVII
Jean-Pierre Bataille,XVII
Claudia Rouaux,XVII
Patrice Martin,XVII
Joël Bruneau,XVII
Véronique Besse,XVII
Corinne Vignon,XVII
Andrée Taurinya,XVII
Roger Vicot,XVII
Laurent Lhardit,XVII
Anne Genetet,XVII
Nadine Lechon,XVII
Jean-Luc Bourgeaux,XVII
Frédéric-Pierre Vos,XVII
Christophe Mongardien,XVII
Vincent Descoeur,XVII
Xavier Breton,XVII
Marcellin Nadeau,XVII
Michèle Tabarot,XVII
Valérie Létard,XVII
René Pilato,XVII
Stéphane Peu,XVII
Christian Baptiste,XVII
Jean-Louis Roumégas,XVII
Paul Molac,XVII
Jimmy Pahun,XVII
Jean-Victor Castor,XVII
Jean-Pierre Taite,XVII
Christophe Bex,XVII
Pascale Bordes,XVII
Florence Goulet,XVII
Martine Froger,XVII
Élisabeth Borne,XVII
François Gernigon,XVII
Pascale Got,XVII
Véronique Louwagie,XVII
David Habib,XVII
Natalia Pouzyreff,XVII
Nicolas Forissier,XVII
Frédéric Petit,XVII
Eric Liégeon,XVII
Frédérique Meunier,XVII
Jacques Oberti,XVII
Philippe Ballard,XVII
Constance Le Grip,XVII
Gérard Leseul,XVII
Philippe Naillet,XVII
Denis Fégné,XVII
Monique Griseti,XVII
Béatrice Roullaud,XVII
Marc Pena,XVII
Graziella Melchior,XVII
Stéphane Rambaud,XVII
Yannick Chenevard,XVII
Josiane Corneloup,XVII
Nicole Le Peih,XVII
Christine Arrighi,XVII
Sophie Mette,XVII
Brigitte Liso,XVII
Éric Michoux,XVII
Sabine Thillaye,XVII
Bruno Fuchs,XVII
Éric Coquerel,XVII
Dominique Voynet,XVII
Claire Marais-Beuil,XVII
Colette Capdevielle,XVII
Jean-Paul Lecoq,XVII
Chantal Jourdan,XVII
Yannick Favennec-Bécot,XVII
Jean-René Cazeneuve,XVII
Catherine Hervieu,XVII
Cyrille Isaac-Sibille,XVII
Pascal Lecamp,XVII
Philippe Vigier,XVII
Marie-Christine Dalloz,XVII
Caroline Colombier,XVII
Thierry Tesson,XVII
Michel Lauzzana,XVII
Pierre Pribetich,XVII
Fanny Dombre Coste,XVII
Annie Vidal,XVII
Pascale Bay,XVII
Annie Genevard,XVII
Marie-Noëlle Battistel,XVII
Brigitte Klinkert,XVII
Joël Aviragnet,XVII
Eliane Kremer,XVII
Geneviève Darrieussecq,XVII
Max Mathiasin,XVII
Éric Woerth,XVII
Sophie-Laurence Roy,XVII
Daniel Labaronne,XVII
Philippe Bonnecarrère,XVII
Christine Engrand,XVII
Michel Gonord,XVII
Jean-Yves Bony,XVII
Michel Guiniot,XVII
François Hollande,XVII
Pascal Markowsky,XVII
Elie Califer,XVII
Jean-Paul Mattei,XVII
Pierre Marle,XVII
Frantz Gumbs,XVII
Josy Poueyto,XVII
Françoise Buffet,XVII
Brigitte Barèges,XVII
Jean-François Rousset,XVII
Hubert Brigand,XVII
Thierry Frappé,XVII
Christian Girard,XVII
Charles De Courson,XVII
Gisèle Lelouis,XVII
René Lioret,XVII
Nicole Dubré-Chirat,XVII
Michel Herbillon,XVII
André Chassaigne,XVII
Joëlle Mélin,XVII
Roger Chudeau,XVII
Alain David,XVII
Daniel Grenon,XVII
Danielle Brulebois,XVII
Michel Castellani,XVII
José Gonzalez,XVII
